<?xml version="1.0"?>
<ROWSET>
 <ROW>
  <USERNAME>niranjan</USERNAME>
  <EMAIL>niranjan.butola@gmail.com</EMAIL>
  <PASSWORD>niranjan</PASSWORD>
  <FIRSTNAME>Niranjan</FIRSTNAME>
  <LASTNAME>Butola</LASTNAME>
  <CONTACTNUMBER>9868801963</CONTACTNUMBER>
  <MAILINGADDRESS>D-86 Moti Bagh 1 New Delhi 110021</MAILINGADDRESS>
  <SECURITYQUESTION>What is your birth place?</SECURITYQUESTION>
  <SECURITYANSWER>New Delhi</SECURITYANSWER>
  <PROFILEPIC>BA0845D860E8B51F9B7313928FB7D4CADesert.jpg</PROFILEPIC>
  <ROLE>Super Admin</ROLE>
  <STATUS>1</STATUS>
 </ROW>
 <ROW>
  <USERNAME>sameer</USERNAME>
  <EMAIL>sameer@gmail.com</EMAIL>
  <PASSWORD>sameer</PASSWORD>
  <FIRSTNAME>Sameer</FIRSTNAME>
  <LASTNAME>Wadhwa</LASTNAME>
  <CONTACTNUMBER>9898989898</CONTACTNUMBER>
  <MAILINGADDRESS>L-21 Sriniwaspuri Delhi 110009</MAILINGADDRESS>
  <SECURITYQUESTION>What is your nick name?</SECURITYQUESTION>
  <SECURITYANSWER>Bunty</SECURITYANSWER>
  <ROLE>Admin</ROLE>
  <STATUS>1</STATUS>
 </ROW>
 <ROW>
  <USERNAME>sonika</USERNAME>
  <EMAIL>sonika@gmail.com</EMAIL>
  <PASSWORD>sonika</PASSWORD>
  <FIRSTNAME>Sonika</FIRSTNAME>
  <LASTNAME>Taran</LASTNAME>
  <CONTACTNUMBER>1212121212</CONTACTNUMBER>
  <MAILINGADDRESS>e-121 ATS Apartment Building no 2 Gaziabad 201201 </MAILINGADDRESS>
  <SECURITYQUESTION>What is your birth place?</SECURITYQUESTION>
  <SECURITYANSWER>Bhopal</SECURITYANSWER>
  <ROLE>User</ROLE>
  <STATUS>1</STATUS>
 </ROW>
</ROWSET>
